############################################
## overrides deployment configuration mode value
## use command bin/magento deploy:mode:set to switch modes

#   SetEnv MAGE_MODE developer

############################################
## uncomment these lines for CGI mode
## make sure to specify the correct cgi php binary file name
## it might be /cgi-bin/php-cgi

#    Action php5-cgi /cgi-bin/php5-cgi
#    AddHandler php5-cgi .php

############################################
## GoDaddy specific options

#   Options -MultiViews

## you might also need to add this line to php.ini
##     cgi.fix_pathinfo = 1
## if it still doesn't work, rename php.ini to php5.ini

############################################
## this line is specific for 1and1 hosting

    #AddType x-mapp-php5 .php
    #AddHandler x-mapp-php5 .php

############################################
## enable usage of methods arguments in backtrace

    SetEnv MAGE_DEBUG_SHOW_ARGS 1

############################################
## default index file

    DirectoryIndex index.php

############################################
## adjust memory limit

    php_value memory_limit 2024M
    php_value max_execution_time 180000

############################################
## disable automatic session start
## before autoload was initialized

    php_flag session.auto_start off

############################################
## enable resulting html compression

    #php_flag zlib.output_compression on

###########################################
## disable user agent verification to not break multiple image upload

    php_flag suhosin.session.cryptua off

<IfModule mod_security.c>
###########################################
## disable POST processing to not break multiple image upload

    SecFilterEngine Off
    SecFilterScanPOST Off
</IfModule>

<IfModule mod_deflate.c>

############################################
## enable apache served files compression
## http://developer.yahoo.com/performance/rules.html#gzip

    # Insert filter on all content
    SetOutputFilter DEFLATE
    # Insert filter on selected content types only
    AddOutputFilterByType DEFLATE text/html text/plain text/xml text/css text/javascript application/javascript application/x-javascript application/json image/svg+xml

    # Netscape 4.x has some problems...
    BrowserMatch ^Mozilla/4 gzip-only-text/html

    # Netscape 4.06-4.08 have some more problems
    BrowserMatch ^Mozilla/4\.0[678] no-gzip

    # MSIE masquerades as Netscape, but it is fine
    BrowserMatch \bMSIE !no-gzip !gzip-only-text/html

    # Don't compress images
    SetEnvIfNoCase Request_URI \.(?:gif|jpe?g|png)$ no-gzip dont-vary

    # Make sure proxies don't deliver the wrong content
    Header append Vary User-Agent env=!dont-vary

</IfModule>

<IfModule mod_ssl.c>

############################################
## make HTTPS env vars available for CGI mode

    SSLOptions StdEnvVars

</IfModule>

############################################
## workaround for Apache 2.4.6 CentOS build when working via ProxyPassMatch with HHVM (or any other)
## Please, set it on virtual host configuration level

##    SetEnvIf Authorization "(.*)" HTTP_AUTHORIZATION=$1
############################################

<IfModule mod_rewrite.c>

############################################
## enable rewrites

    # The following line has better security but add some performance overhead - see https://httpd.apache.org/docs/2.4/en/misc/perf-tuning.html
    Options -FollowSymLinks +SymLinksIfOwnerMatch
    RewriteEngine on

############################################
## you can put here your magento root folder
## path relative to web root

    #RewriteBase /magento/

############################################
## workaround for HTTP authorization
## in CGI environment

    RewriteRule .* - [E=HTTP_AUTHORIZATION:%{HTTP:Authorization}]

############################################
## TRACE and TRACK HTTP methods disabled to prevent XSS attacks

    RewriteCond %{REQUEST_METHOD} ^TRAC[EK]
    RewriteRule .* - [L,R=405]

############################################
## redirect for mobile user agents

    #RewriteCond %{REQUEST_URI} !^/mobiledirectoryhere/.*$
    #RewriteCond %{HTTP_USER_AGENT} "android|blackberry|ipad|iphone|ipod|iemobile|opera mobile|palmos|webos|googlebot-mobile" [NC]
    #RewriteRule ^(.*)$ /mobiledirectoryhere/ [L,R=302]

############################################
## never rewrite for existing files, directories and links

    RewriteCond %{REQUEST_FILENAME} !-f
    RewriteCond %{REQUEST_FILENAME} !-d
    RewriteCond %{REQUEST_FILENAME} !-l

############################################
## rewrite everything else to index.php

    RewriteRule .* index.php [L]

</IfModule>


############################################
## Prevent character encoding issues from server overrides
## If you still have problems, use the second line instead

    AddDefaultCharset Off
    #AddDefaultCharset UTF-8
    AddType 'text/html; charset=UTF-8' html

<IfModule mod_expires.c>

############################################
## Add default Expires header
## http://developer.yahoo.com/performance/rules.html#expires

    ExpiresDefault "access plus 1 year"
    ExpiresByType text/html A0
    ExpiresByType text/plain A0

</IfModule>

###########################################
## Deny access to root files to hide sensitive application information
    RedirectMatch 403 /\.git

    <Files composer.json>
        <IfVersion < 2.4>
            order allow,deny
            deny from all
        </IfVersion>
        <IfVersion >= 2.4>
            Require all denied
        </IfVersion>
    </Files>
    <Files composer.lock>
        <IfVersion < 2.4>
            order allow,deny
            deny from all
        </IfVersion>
        <IfVersion >= 2.4>
            Require all denied
        </IfVersion>
    </Files>
    <Files .gitignore>
        <IfVersion < 2.4>
            order allow,deny
            deny from all
        </IfVersion>
        <IfVersion >= 2.4>
            Require all denied
        </IfVersion>
    </Files>
    <Files .htaccess>
        <IfVersion < 2.4>
            order allow,deny
            deny from all
        </IfVersion>
        <IfVersion >= 2.4>
            Require all denied
        </IfVersion>
    </Files>
    <Files .htaccess.sample>
        <IfVersion < 2.4>
            order allow,deny
            deny from all
        </IfVersion>
        <IfVersion >= 2.4>
            Require all denied
        </IfVersion>
    </Files>
    <Files .php_cs.dist>
        <IfVersion < 2.4>
            order allow,deny
            deny from all
        </IfVersion>
        <IfVersion >= 2.4>
            Require all denied
        </IfVersion>
    </Files>
    <Files .travis.yml>
        <IfVersion < 2.4>
            order allow,deny
            deny from all
        </IfVersion>
        <IfVersion >= 2.4>
            Require all denied
        </IfVersion>
    </Files>
    <Files CHANGELOG.md>
        <IfVersion < 2.4>
            order allow,deny
            deny from all
        </IfVersion>
        <IfVersion >= 2.4>
            Require all denied
        </IfVersion>
    </Files>
    <Files COPYING.txt>
        <IfVersion < 2.4>
            order allow,deny
            deny from all
        </IfVersion>
        <IfVersion >= 2.4>
            Require all denied
        </IfVersion>
    </Files>
    <Files Gruntfile.js>
        <IfVersion < 2.4>
            order allow,deny
            deny from all
        </IfVersion>
        <IfVersion >= 2.4>
            Require all denied
        </IfVersion>
    </Files>
    <Files LICENSE.txt>
        <IfVersion < 2.4>
            order allow,deny
            deny from all
        </IfVersion>
        <IfVersion >= 2.4>
            Require all denied
        </IfVersion>
    </Files>
    <Files LICENSE_AFL.txt>
        <IfVersion < 2.4>
            order allow,deny
            deny from all
        </IfVersion>
        <IfVersion >= 2.4>
            Require all denied
        </IfVersion>
    </Files>
    <Files nginx.conf.sample>
        <IfVersion < 2.4>
            order allow,deny
            deny from all
        </IfVersion>
        <IfVersion >= 2.4>
            Require all denied
        </IfVersion>
    </Files>
    <Files package.json>
        <IfVersion < 2.4>
            order allow,deny
            deny from all
        </IfVersion>
        <IfVersion >= 2.4>
            Require all denied
        </IfVersion>
    </Files>
    <Files php.ini.sample>
        <IfVersion < 2.4>
            order allow,deny
            deny from all
        </IfVersion>
        <IfVersion >= 2.4>
            Require all denied
        </IfVersion>
    </Files>
    <Files README.md>
        <IfVersion < 2.4>
            order allow,deny
            deny from all
        </IfVersion>
        <IfVersion >= 2.4>
            Require all denied
        </IfVersion>
    </Files>
    <Files magento_umask>
        <IfVersion < 2.4>
            order allow,deny
            deny from all
        </IfVersion>
        <IfVersion >= 2.4>
            Require all denied
        </IfVersion>
    </Files>
    <Files auth.json>
        <IfVersion < 2.4>
            order allow,deny
            deny from all
        </IfVersion>
        <IfVersion >= 2.4>
            Require all denied
        </IfVersion>
    </Files>
    <Files .user.ini>
        <IfVersion < 2.4>
            order allow,deny
            deny from all
        </IfVersion>
        <IfVersion >= 2.4>
            Require all denied
        </IfVersion>
    </Files>

# For 404s and 403s that aren't handled by the application, show plain 404 response
ErrorDocument 404 /pub/errors/404.php
ErrorDocument 403 /pub/errors/404.php

################################
## If running in cluster environment, uncomment this
## http://developer.yahoo.com/performance/rules.html#etags

    #FileETag none

# ######################################################################
# # INTERNET EXPLORER                                                  #
# ######################################################################

# ----------------------------------------------------------------------
# | Document modes                                                     |
# ----------------------------------------------------------------------

# Force Internet Explorer 8/9/10 to render pages in the highest mode
# available in the various cases when it may not.
#
# https://hsivonen.fi/doctype/#ie8
#
# (!) Starting with Internet Explorer 11, document modes are deprecated.
# If your business still relies on older web apps and services that were
# designed for older versions of Internet Explorer, you might want to
# consider enabling `Enterprise Mode` throughout your company.
#
# https://msdn.microsoft.com/en-us/library/ie/bg182625.aspx#docmode
# http://blogs.msdn.com/b/ie/archive/2014/04/02/stay-up-to-date-with-enterprise-mode-for-internet-explorer-11.aspx

<IfModule mod_headers.c>

    Header set X-UA-Compatible "IE=edge"

    # `mod_headers` cannot match based on the content-type, however,
    # the `X-UA-Compatible` response header should be send only for
    # HTML documents and not for the other resources.

    <FilesMatch "\.(appcache|atom|bbaw|bmp|crx|css|cur|eot|f4[abpv]|flv|geojson|gif|htc|ico|jpe?g|js|json(ld)?|m4[av]|manifest|map|mp4|oex|og[agv]|opus|otf|pdf|png|rdf|rss|safariextz|svgz?|swf|topojson|tt[cf]|txt|vcard|vcf|vtt|webapp|web[mp]|webmanifest|woff2?|xloc|xml|xpi)$">
        Header unset X-UA-Compatible
    </FilesMatch>

</IfModule>
Redirect 301 /en http://staging.ulamart.com
Redirect 301 /en/velchi.html http://staging.ulamart.com/velchi
Redirect 301 /en/thanga-samba-rice1.html http://staging.ulamart.com/thanga-samba-rice1
Redirect 301 /en/red-thuvaram-parupputhur-dal.html http://staging.ulamart.com/red-thuvaram-parupputhur-dal
Redirect 301 /en/Valmilagu-spices.html http://staging.ulamart.com/Valmilagu-spices
Redirect 301 /en/Thippili-spices.html http://staging.ulamart.com/Thippili-spices
Redirect 301 /en/avarampoo-soap.html http://staging.ulamart.com/avarampoo-soap
Redirect 301 /en/shikkai-soap.html http://staging.ulamart.com/shikkai-soap
Redirect 301 /en/cow-soap.html http://staging.ulamart.com/cow-soap
Redirect 301 /en/kalanamak.html http://staging.ulamart.com/kalanamak
Redirect 301 /en/kothamalli-samba.html http://staging.ulamart.com/kothamalli-samba
Redirect 301 /en/kuzhiyattichan-samba.html http://staging.ulamart.com/kuzhiyattichan-samba
Redirect 301 /en/sorna-masuri-.html http://staging.ulamart.com/sorna-masuri-
Redirect 301 /en/katta-samba-rice.html http://staging.ulamart.com/katta-samba-rice
Redirect 301 /en/idly-rice.html http://staging.ulamart.com/idly-rice
Redirect 301 /en/clap-pot-hole-in-lid.html http://staging.ulamart.com/clap-pot-hole-in-lid
Redirect 301 /en/clay-thattu-idli.html http://staging.ulamart.com/clay-thattu-idli
Redirect 301 /en/multi-pack-traditional-rice-organic.html http://staging.ulamart.com/multi-pack-traditional-rice-organic
Redirect 301 /en/clay-candle-stand.html http://staging.ulamart.com/clay-candle-stand
Redirect 301 /en/herbal-hair-oil.html http://staging.ulamart.com/herbal-hair-oil
Redirect 301 /en/black-chana-dal.html http://staging.ulamart.com/black-chana-dal
Redirect 301 /en/vendhayam.html http://staging.ulamart.com/vendhayam
Redirect 301 /en/roasted-bengal-grams.html http://staging.ulamart.com/roasted-bengal-grams
Redirect 301 /en/neemflowerchips.html http://staging.ulamart.com/neemflowerchips
Redirect 301 /en/red-rice-flakes.html http://staging.ulamart.com/red-rice-flakes
Redirect 301 /en/wheat-flour.html http://staging.ulamart.com/wheat-flour
Redirect 301 /en/nilavembukudineer.html http://staging.ulamart.com/nilavembukudineer
Redirect 301 /en/Kabasurakudineer.html http://staging.ulamart.com/Kabasurakudineer
Redirect 301 /en/combo-pack-colourful-traditional-rices.html http://staging.ulamart.com/combo-pack-colourful-traditional-rices
Redirect 301 /en/Coconut-Shell-Serving-Spoon.html http://staging.ulamart.com/Coconut-Shell-Serving-Spoon
Redirect 301 /en/pr-codwfeeplus.html http://staging.ulamart.com/pr-codwfeeplus
Redirect 301 /en/mappillai-samba-organic-unpolished.html http://staging.ulamart.com/mappillai-samba-organic-unpolished
Redirect 301 /en/thooyamalli-rice.html http://staging.ulamart.com/thooyamalli-rice
Redirect 301 /en/kichili-samba-rice.html http://staging.ulamart.com/kichili-samba-rice
Redirect 301 /en/seeraga-samba-rice.html http://staging.ulamart.com/seeraga-samba-rice
Redirect 301 /en/red-rice.html http://staging.ulamart.com/red-rice
Redirect 301 /en/black-rice.html http://staging.ulamart.com/black-rice
Redirect 301 /en/organic-poongar-boiled-hand-pounded-rice.html http://staging.ulamart.com/organic-poongar-boiled-hand-pounded-rice
Redirect 301 /en/varappu-kudainchan.html http://staging.ulamart.com/varappu-kudainchan
Redirect 301 /en/virgin-coconut-oil.html http://staging.ulamart.com/virgin-coconut-oil
Redirect 301 /en/sesame-oil.html http://staging.ulamart.com/sesame-oil
Redirect 301 /en/groundnut-oil.html http://staging.ulamart.com/groundnut-oil
Redirect 301 /en/hill-honey.html http://staging.ulamart.com/hill-honey
Redirect 301 /en/tulsi-honey.html http://staging.ulamart.com/tulsi-honey
Redirect 301 /en/neem-honey.html http://staging.ulamart.com/neem-honey
Redirect 301 /en/naaval-honey.html http://staging.ulamart.com/naaval-honey
Redirect 301 /en/drumstick-honey.html http://staging.ulamart.com/drumstick-honey
Redirect 301 /en/kattuyanam-organic-unpolished-rice-parboiled.html http://staging.ulamart.com/kattuyanam-organic-unpolished-rice-parboiled
Redirect 301 /en/bamboo-rice.html http://staging.ulamart.com/bamboo-rice
Redirect 301 /en/kullakar-rice.html http://staging.ulamart.com/kullakar-rice
Redirect 301 /en/ragi-finger-millet.html http://staging.ulamart.com/ragi-finger-millet
Redirect 301 /en/little-millet.html http://staging.ulamart.com/little-millet
Redirect 301 /en/foxtail-millet.html http://staging.ulamart.com/foxtail-millet
Redirect 301 /en/unpolished-toor-dal.html http://staging.ulamart.com/unpolished-toor-dal
Redirect 301 /en/garudan-samba-rice.html http://staging.ulamart.com/garudan-samba-rice
Redirect 301 /en/karun-kuruvai-rice.html http://staging.ulamart.com/karun-kuruvai-rice
Redirect 301 /en/kudavazhai-red-rice.html http://staging.ulamart.com/kudavazhai-red-rice
Redirect 301 /en/organic-ponni-rice.html http://staging.ulamart.com/organic-ponni-rice
Redirect 301 /en/pearl-millet-kambu.html http://staging.ulamart.com/pearl-millet-kambu
Redirect 301 /en/aloevera-cucumber-muringo-soap.html http://staging.ulamart.com/aloevera-cucumber-muringo-soap
Redirect 301 /en/orange-peel-soap.html http://staging.ulamart.com/orange-peel-soap
Redirect 301 /en/vettiveru-soap.html http://staging.ulamart.com/vettiveru-soap
Redirect 301 /en/nalangu-maavu-soap.html http://staging.ulamart.com/nalangu-maavu-soap
Redirect 301 /en/multani-mitti-herbal-soap.html http://staging.ulamart.com/multani-mitti-herbal-soap
Redirect 301 /en/raw-natural-seasalt-non-iodised.html http://staging.ulamart.com/raw-natural-seasalt-non-iodised
Redirect 301 /en/country-sugar.html http://staging.ulamart.com/country-sugar
Redirect 301 /en/black-pepper-milagu.html http://staging.ulamart.com/black-pepper-milagu
Redirect 301 /en/navara-rice.html http://staging.ulamart.com/navara-rice
Redirect 301 /en/shikakai-powder.html http://staging.ulamart.com/shikakai-powder
Redirect 301 /en/vetti-veru-root.html http://staging.ulamart.com/vetti-veru-root
Redirect 301 /en/clove-spices.html http://staging.ulamart.com/clove-spices
Redirect 301 /en/shikakai-soap.html http://staging.ulamart.com/shikakai-soap
Redirect 301 /en/charcoal-soap.html http://staging.ulamart.com/charcoal-soap
Redirect 301 /en/clay-small-pot-with-lid.html http://staging.ulamart.com/clay-small-pot-with-lid
Redirect 301 /en/clay-water-bottle.html http://staging.ulamart.com/clay-water-bottle
Redirect 301 /en/small-pot-for-kids.html http://staging.ulamart.com/small-pot-for-kids
Redirect 301 /en/clay-plate-and-tumbler.html http://staging.ulamart.com/clay-plate-and-tumbler
Redirect 301 /en/clay-sprouter.html http://staging.ulamart.com/clay-sprouter
Redirect 301 /en/carrot-soap.html http://staging.ulamart.com/carrot-soap
Redirect 301 /en/kuppaimeni-soap-handmade-herbal.html http://staging.ulamart.com/kuppaimeni-soap-handmade-herbal
Redirect 301 /en/green-gram-soap.html http://staging.ulamart.com/green-gram-soap
Redirect 301 /en/aloe-vera-neem-soap-herbal.html http://staging.ulamart.com/aloe-vera-neem-soap-herbal
Redirect 301 /en/porso-millet.html http://staging.ulamart.com/porso-millet
Redirect 301 /en/barnyard-millet.html http://staging.ulamart.com/barnyard-millet
Redirect 301 /en/urad-dal-black.html http://staging.ulamart.com/urad-dal-black
Redirect 301 /en/rajamudi-red-rice.html http://staging.ulamart.com/rajamudi-red-rice
Redirect 301 /en/neemoil.html http://staging.ulamart.com/neemoil
Redirect 301 /en/kudampuli-cambodge.html http://staging.ulamart.com/kudampuli-cambodge
Redirect 301 /en/black-rice-flour.html http://staging.ulamart.com/black-rice-flour
Redirect 301 /en/green-gram-moong.html http://staging.ulamart.com/green-gram-moong
Redirect 301 /en/bridegroom-rice-flour.html http://staging.ulamart.com/bridegroom-rice-flour
Redirect 301 /en/health-mix-porridge.html http://staging.ulamart.com/health-mix-porridge
Redirect 301 /en/organic-idli-rice.html http://staging.ulamart.com/organic-idli-rice
Redirect 301 /en/homemade-sambar-powder.html http://staging.ulamart.com/homemade-sambar-powder
Redirect 301 /en/loofah-scrubber.html http://staging.ulamart.com/loofah-scrubber
Redirect 301 /en/combo-pack-traditional-rices.html http://staging.ulamart.com/combo-pack-traditional-rices
Redirect 301 /en/thanga-samba-rice.html http://staging.ulamart.com/thanga-samba-rice
Redirect 301 /en/split-urad-dal-black.html http://staging.ulamart.com/split-urad-dal-black
Redirect 301 /en/black-rice-vathal.html http://staging.ulamart.com/black-rice-vathal
Redirect 301 /en/black-rice-spring-vathal.html http://staging.ulamart.com/black-rice-spring-vathal
Redirect 301 /en/combo-pack-traditional-millets.html http://staging.ulamart.com/combo-pack-traditional-millets
Redirect 301 /en/kichili-samba-broken-rice.html http://staging.ulamart.com/kichili-samba-broken-rice
Redirect 301 /en/mappillai-samba-raw-rice.html http://staging.ulamart.com/mappillai-samba-raw-rice
Redirect 301 /en/vetiver-face-mask.html http://staging.ulamart.com/vetiver-face-mask
Redirect 301 /en/combo-pack-raw-rices.html http://staging.ulamart.com/combo-pack-raw-rices
Redirect 301 /en/60am-kuruvai-organic-unpolished.html http://staging.ulamart.com/60am-kuruvai-organic-unpolished
Redirect 301 /en/finger-millet-flour-ragi-flour.html http://staging.ulamart.com/finger-millet-flour-ragi-flour
Redirect 301 /en/pearl-millet-flour-kambu.html http://staging.ulamart.com/pearl-millet-flour-kambu
Redirect 301 /en/clay-coffee-mug.html http://staging.ulamart.com/clay-coffee-mug
Redirect 301 /en/clay-cup-and-saucer.html http://staging.ulamart.com/clay-cup-and-saucer
Redirect 301 /en/Flakes-mappillai-samba.html http://staging.ulamart.com/Flakes-mappillai-samba
Redirect 301 /en/urad-dal-white.html http://staging.ulamart.com/urad-dal-white
Redirect 301 /en/medium-kitchen-set-for-kids.html http://staging.ulamart.com/medium-kitchen-set-for-kids
Redirect 301 /en/terracotta-buddha-idol.html http://staging.ulamart.com/terracotta-buddha-idol
Redirect 301 /en/organic-poongar-raw-hand-pounded-rice.html http://staging.ulamart.com/organic-poongar-raw-hand-pounded-rice
Redirect 301 /en/kattuyanam-raw-rice-organic-unpolished.html http://staging.ulamart.com/kattuyanam-raw-rice-organic-unpolished
Redirect 301 /en/ottadaiyan-rice.html http://staging.ulamart.com/ottadaiyan-rice
Redirect 301 /en/clay-pen-stand.html http://staging.ulamart.com/clay-pen-stand
Redirect 301 /en/organic-poongar-rice-flour.html http://staging.ulamart.com/organic-poongar-rice-flour
Redirect 301 /en/turmeric-powder.html http://staging.ulamart.com/turmeric-powder
Redirect 301 /en/clay-classic-coffee-cup.html http://staging.ulamart.com/clay-classic-coffee-cup
Redirect 301 /en/paper-pen.html http://staging.ulamart.com/paper-pen
Redirect 301 /en/moringa-leaf-idly-powder.html http://staging.ulamart.com/moringa-leaf-idly-powder
Redirect 301 /en/rainbow-paper-pencil.html http://staging.ulamart.com/rainbow-paper-pencil
Redirect 301 /en/newspaper-pencil.html http://staging.ulamart.com/newspaper-pencil
Redirect 301 /en/small-size-clay-pot-with-lid.html http://staging.ulamart.com/small-size-clay-pot-with-lid
Redirect 301 /en/plantable-ganesha.html http://staging.ulamart.com/plantable-ganesha
Redirect 301 /en/cow-ghee.html http://staging.ulamart.com/cow-ghee
Redirect 301 /en/combo-pack-oil.html http://staging.ulamart.com/combo-pack-oil
Redirect 301 /en/Cow-dung-Pot.html http://staging.ulamart.com/Cow-dung-Pot
Redirect 301 /en/A4-paper.html http://staging.ulamart.com/A4-paper
Redirect 301 /en/Combo-pack-clay-pen-pen-stand.html http://staging.ulamart.com/Combo-pack-clay-pen-pen-stand
Redirect 301 /en/wiro-bound-recycled-paper-notebook-kit.html http://staging.ulamart.com/wiro-bound-recycled-paper-notebook-kit
Redirect 301 /en/multi-purpose-shopping-bag-vegetable-bag.html http://staging.ulamart.com/multi-purpose-shopping-bag-vegetable-bag
Redirect 301 /en/thooyamalli-raw-rice.html http://staging.ulamart.com/thooyamalli-raw-rice
Redirect 301 /en/white-raw-rice.html http://staging.ulamart.com/white-raw-rice
Redirect 301 /en/recycled-paper-drawing-pencils-10-shades.html http://staging.ulamart.com/recycled-paper-drawing-pencils-10-shades
Redirect 301 /en/plantable-paper-pencils-pack-of-10.html http://staging.ulamart.com/plantable-paper-pencils-pack-of-10
Redirect 301 /en/plantable-paper-pen-with-holder-pack-of-5.html http://staging.ulamart.com/plantable-paper-pen-with-holder-pack-of-5
Redirect 301 /en/plantable-notebook-pack-of-5.html http://staging.ulamart.com/plantable-notebook-pack-of-5
Redirect 301 /en/mappillai-samba-vathal.html http://staging.ulamart.com/mappillai-samba-vathal
Redirect 301 /en/executive-notebook-kit.html http://staging.ulamart.com/executive-notebook-kit
Redirect 301 /en/clay-house.html http://staging.ulamart.com/clay-house
Redirect 301 /en/cotton-bag.html http://staging.ulamart.com/cotton-bag
Redirect 301 /en/medium-size-ladle-coconut-shell.html http://staging.ulamart.com/medium-size-ladle-coconut-shell
Redirect 301 /en/Coconut-Shell-Serving-Spoon.html http://staging.ulamart.com/Coconut-Shell-Serving-Spoon
Redirect 301 /en/Coconut-Shell-Spoon.html http://staging.ulamart.com/Coconut-Shell-Spoon
Redirect 301 /en/Clay-kumkum-box.html http://staging.ulamart.com/Clay-kumkum-box
Redirect 301 /en/cat-money-bank.html http://staging.ulamart.com/cat-money-bank
Redirect 301 /en/piggy-bank.html http://staging.ulamart.com/piggy-bank
Redirect 301 /en/fish-money-bank.html http://staging.ulamart.com/fish-money-bank
Redirect 301 /en/angry-bird-money-bank.html http://staging.ulamart.com/angry-bird-money-bank
Redirect 301 /en/Flakes-Kattuyanam.html http://staging.ulamart.com/Flakes-Kattuyanam
Redirect 301 /en/organic-sivan-samba-rice.html http://staging.ulamart.com/organic-sivan-samba-rice
Redirect 301 /en/multi-flower-farm-honey.html http://staging.ulamart.com/multi-flower-farm-honey
Redirect 301 /en/Clay-bird-nest.html http://staging.ulamart.com/Clay-bird-nest
Redirect 301 /en/palm-sugar.html http://staging.ulamart.com/palm-sugar
Redirect 301 /en/palm-jaggery.html http://staging.ulamart.com/palm-jaggery
Redirect 301 /en/combo-pack-idli-rice-white-urad-dal.html http://staging.ulamart.com/combo-pack-idli-rice-white-urad-dal
Redirect 301 /en/a2-cow-ghee-country-sugar.html http://staging.ulamart.com/a2-cow-ghee-country-sugar
Redirect 301 /en/popcorn.html http://staging.ulamart.com/popcorn
Redirect 301 /en/Black-clay-small-pot-with-lid.html http://staging.ulamart.com/Black-clay-small-pot-with-lid
Redirect 301 /en/aniseed-spices.html http://staging.ulamart.com/aniseed-spices
Redirect 301 /en/cardamom-spices.html http://staging.ulamart.com/cardamom-spices
Redirect 301 /en/cumin-seeds.html http://staging.ulamart.com/cumin-seeds
Redirect 301 /en/fennel-seeds.html http://staging.ulamart.com/fennel-seeds
Redirect 301 /en/organic-kallundai-samba-rice.html http://staging.ulamart.com/organic-kallundai-samba-rice
Redirect 301 /en/pearl-millet-flakes.html http://staging.ulamart.com/pearl-millet-flakes
Redirect 301 /en/black-clay-house.html http://staging.ulamart.com/black-clay-house
Redirect 301 /en/Coloured-small-pot-for-kids.html http://staging.ulamart.com/Coloured-small-pot-for-kids
Redirect 301 /en/mappillai-samba-broken-rice-unpolished.html http://staging.ulamart.com/mappillai-samba-broken-rice-unpolished
Redirect 301 /en/combo-pack-pongal-special.html http://staging.ulamart.com/combo-pack-pongal-special
Redirect 301 /en/medium-kitchen-set-for-kids-white.html http://staging.ulamart.com/medium-kitchen-set-for-kids-white
Redirect 301 /en/black-rice-par-boiled.html http://staging.ulamart.com/black-rice-par-boiled
Redirect 301 /en/wet-clay.html http://staging.ulamart.com/wet-clay
Redirect 301 /en/Clay-foot-scrubber.html http://staging.ulamart.com/Clay-foot-scrubber
Redirect 301 /en/Flakes-Black-rice.html http://staging.ulamart.com/Flakes-Black-rice
Redirect 301 /en/valan-samba-rice.html http://staging.ulamart.com/valan-samba-rice
Redirect 301 /ta/sitemap http://staging.ulamart.com/sitemap.xml
Redirect 301 /en/sitemap http://staging.ulamart.com/sitemap.xml
Redirect 301 /sitemap http://staging.ulamart.com/sitemap.xml
Redirect 301 /en/best-sales http://staging.ulamart.com/best-sales/
Redirect 301 /en/contact-us http://staging.ulamart.com/contact-us/
Redirect 301 /en/new-products http://staging.ulamart.com/new-products/
Redirect 301 /en/rice/mappillai-samba-rice.html http://staging.ulamart.com/rice/mappillai-samba-rice/
Redirect 301 /en/rice/thooyamalli-rice.html http://staging.ulamart.com/rice/thooyamalli-rice/
Redirect 301 /en/rice/kichili-samba-rice.html http://staging.ulamart.com/rice/kichili-samba-rice/
Redirect 301 /en/rice/seeraga-samba-rice.html http://staging.ulamart.com/rice/seeraga-samba-rice/
Redirect 301 /en/rice/red-rice.html http://staging.ulamart.com/rice/red-rice/
Redirect 301 /en/rice/black-rice.html http://staging.ulamart.com/rice/black-rice/
Redirect 301 /en/rice/organic-poongar-boiled-hand-pounded-rice.html http://staging.ulamart.com/rice/organic-poongar-boiled-hand-pounded-rice/
Redirect 301 /en/oil/virgin-coconut-oil.html http://staging.ulamart.com/oil/virgin-coconut-oil/
Redirect 301 /en/oil/sesame-oil.html http://staging.ulamart.com/oil/sesame-oil/
Redirect 301 /en/oil/groundnut-oil.html http://staging.ulamart.com/oil/groundnut-oil/
Redirect 301 /en/honey/hill-honey.html http://staging.ulamart.com/honey/hill-honey/
Redirect 301 /en/honey/tulsi-honey.html http://staging.ulamart.com/honey/tulsi-honey/
Redirect 301 /en/honey/neem-honey.html http://staging.ulamart.com/honey/neem-honey/
Redirect 301 /en/honey/naaval-honey.html http://staging.ulamart.com/honey/naaval-honey/
Redirect 301 /en/honey/drumstick-honey.html http://staging.ulamart.com/honey/drumstick-honey/
Redirect 301 /en/rice/kattuyanam-rice.html http://staging.ulamart.com/rice/kattuyanam-rice/
Redirect 301 /en/rice/bamboo-rice.html http://staging.ulamart.com/rice/bamboo-rice/
Redirect 301 /en/rice/kullakar-rice.html http://staging.ulamart.com/rice/kullakar-rice/
Redirect 301 /en/millets/ragi-finger-millet.html http://staging.ulamart.com/millets/ragi-finger-millet/
Redirect 301 /en/millets/little-millet.html http://staging.ulamart.com/millets/little-millet/
Redirect 301 /en/millets/foxtail-millet.html http://staging.ulamart.com/millets/foxtail-millet/
Redirect 301 /en/pulses/unpolished-toor-dal-.html http://staging.ulamart.com/pulses/unpolished-toor-dal-/
Redirect 301 /en/rice/garudan-samba-rice.html http://staging.ulamart.com/rice/garudan-samba-rice/
Redirect 301 /en/rice/karun-kuruvai-rice.html http://staging.ulamart.com/rice/karun-kuruvai-rice/
Redirect 301 /en/rice/kudavazhai-red-rice.html http://staging.ulamart.com/rice/kudavazhai-red-rice/
Redirect 301 /en/rice/organic-ponni-rice.html http://staging.ulamart.com/rice/organic-ponni-rice/
Redirect 301 /en/millets/pearl-millet-kambu.html http://staging.ulamart.com/millets/pearl-millet-kambu/
Redirect 301 /en/personal-care/aloevera-cucumber-muringo-soap.html http://staging.ulamart.com/personal-care/aloevera-cucumber-muringo-soap/
Redirect 301 /en/personal-care/orange-peel-soap.html http://staging.ulamart.com/personal-care/orange-peel-soap/
Redirect 301 /en/personal-care/nalangu-maavu-soap.html http://staging.ulamart.com/personal-care/nalangu-maavu-soap/
Redirect 301 /en/personal-care/multani-mitti-herbal-soap.html http://staging.ulamart.com/personal-care/multani-mitti-herbal-soap/
Redirect 301 /en/sugar-salt/raw-natural-seasalt-non-iodised.html http://staging.ulamart.com/sugar-salt/raw-natural-seasalt-non-iodised/
Redirect 301 /en/sugar-salt/country-sugar.html http://staging.ulamart.com/sugar-salt/country-sugar/
Redirect 301 /en/spices/black-pepper-milagu.html http://staging.ulamart.com/spices/black-pepper-milagu/
Redirect 301 /en/rice/navara-rice.html http://staging.ulamart.com/rice/navara-rice/
Redirect 301 /en/herbal-products/shikakai-powder.html http://staging.ulamart.com/herbal-products/shikakai-powder/
Redirect 301 /en/charcoal-soap.html http://staging.ulamart.com/charcoal-soap/
Redirect 301 /en/clay-small-pot-with-lid.html http://staging.ulamart.com/clay-small-pot-with-lid/
Redirect 301 /en/clay-water-bottle.html http://staging.ulamart.com/clay-water-bottle/
Redirect 301 /en/small-pot-for-kids.html http://staging.ulamart.com/small-pot-for-kids/
Redirect 301 /en/clay-plate-and-tumbler.html http://staging.ulamart.com/clay-plate-and-tumbler/
Redirect 301 /en/clay-thattu-idli.html http://staging.ulamart.com/clay-thattu-idli/
Redirect 301 /en/clay-sprouter.html http://staging.ulamart.com/clay-sprouter/
Redirect 301 /en/personal-care/kuppaimeni-soap-handmade-herbal.html http://staging.ulamart.com/personal-care/kuppaimeni-soap-handmade-herbal/
Redirect 301 /en/personal-care/green-gram-soap.html http://staging.ulamart.com/personal-care/green-gram-soap/
Redirect 301 /en/personal-care/aloe-vera-neem-soap-herbal.html http://staging.ulamart.com/personal-care/aloe-vera-neem-soap-herbal/
Redirect 301 /en/millets/porso-millet.html http://staging.ulamart.com/millets/porso-millet/
Redirect 301 /en/millets/barnyard-millet.html http://staging.ulamart.com/millets/barnyard-millet/
Redirect 301 /en/pulses/urad-dal-black.html http://staging.ulamart.com/pulses/urad-dal-black/
Redirect 301 /en/rice/rajamudi-red-rice.html http://staging.ulamart.com/rice/rajamudi-red-rice/
Redirect 301 /en/oil/neemoil.html http://staging.ulamart.com/oil/neemoil/
Redirect 301 /en/spices/kudampuli-cambodge.html http://staging.ulamart.com/spices/kudampuli-cambodge/
Redirect 301 /en/flour/black-rice-flour.html http://staging.ulamart.com/flour/black-rice-flour/
Redirect 301 /en/pulses/green-gram-moong.html http://staging.ulamart.com/pulses/green-gram-moong/
Redirect 301 /en/flour/bridegroom-rice-flour.html http://staging.ulamart.com/flour/bridegroom-rice-flour/
Redirect 301 /en/content/terms-and-conditions-of-ulamart.html http://staging.ulamart.com/content/terms-and-conditions-of-ulamart/
Redirect 301 /en/content/about-ulamart-team.html http://staging.ulamart.com/content/about-ulamart-team/
Redirect 301 /en/content/privacy-policy.html http://staging.ulamart.com/content/privacy-policy/
Redirect 301 /en/content/shipping-and-return-policy-ulamartcom.html http://staging.ulamart.com/content/shipping-and-return-policy-ulamartcom/
Redirect 301 /ta/best-sales http://staging.ulamart.com/ta/best-sales/
Redirect 301 /ta/contact-us http://staging.ulamart.com/ta/contact-us/
Redirect 301 /ta/new-products http://staging.ulamart.com/ta/new-products/
Redirect 301 /ta/rice/mappillai-samba-red-rice.html http://staging.ulamart.com/ta/rice/mappillai-samba-red-rice/
Redirect 301 /ta/rice/thuyamalli.html http://staging.ulamart.com/ta/rice/thuyamalli/
Redirect 301 /ta/rice/kichili-samba.html http://staging.ulamart.com/ta/rice/kichili-samba/
Redirect 301 /ta/rice/seeraga-samba-rice.html http://staging.ulamart.com/ta/rice/seeraga-samba-rice/
Redirect 301 /ta/rice/sivappukavuni-arisi.html http://staging.ulamart.com/ta/rice/sivappukavuni-arisi/
Redirect 301 /ta/rice/karuppu-kavuni-arisi.html http://staging.ulamart.com/ta/rice/karuppu-kavuni-arisi/
Redirect 301 /ta/rice/poongar-kai-kutthal-arici.html http://staging.ulamart.com/ta/rice/poongar-kai-kutthal-arici/
Redirect 301 /ta/oil/thuyathenkai-oil.html http://staging.ulamart.com/ta/oil/thuyathenkai-oil/
Redirect 301 /ta/oil/nallennai-oil-.html http://staging.ulamart.com/ta/oil/nallennai-oil-/
Redirect 301 /ta/oil/kadalaaiennai.html http://staging.ulamart.com/ta/oil/kadalaaiennai/
Redirect 301 /ta/honey/maalaithen.html http://staging.ulamart.com/ta/honey/maalaithen/
Redirect 301 /ta/honey/tulsi-honey.html http://staging.ulamart.com/ta/honey/tulsi-honey/
Redirect 301 /ta/honey/vembuthen.html http://staging.ulamart.com/ta/honey/vembuthen/
Redirect 301 /ta/honey/naaval-honey.html http://staging.ulamart.com/ta/honey/naaval-honey/
Redirect 301 /ta/honey/murugaithen.html http://staging.ulamart.com/ta/honey/murugaithen/
Redirect 301 /ta/rice/kattuyanam-arisi.html http://staging.ulamart.com/ta/rice/kattuyanam-arisi/
Redirect 301 /ta/rice/ta-bamboo-rice.html http://staging.ulamart.com/ta/rice/ta-bamboo-rice/
Redirect 301 /ta/rice/kullakar-rice.html http://staging.ulamart.com/ta/rice/kullakar-rice/
Redirect 301 /ta/millets/organic-kelvaragu.html http://staging.ulamart.com/ta/millets/organic-kelvaragu/
Redirect 301 /ta/millets/samai.html http://staging.ulamart.com/ta/millets/samai/
Redirect 301 /ta/millets/organic-thinai.html http://staging.ulamart.com/ta/millets/organic-thinai/
Redirect 301 /ta/pulses/thuvaramparuppu.html http://staging.ulamart.com/ta/pulses/thuvaramparuppu/
Redirect 301 /ta/rice/garudan-samba.html http://staging.ulamart.com/ta/rice/garudan-samba/
Redirect 301 /ta/rice/karunguruvai-rice.html http://staging.ulamart.com/ta/rice/karunguruvai-rice/
Redirect 301 /ta/rice/kudavazhai-rice.html http://staging.ulamart.com/ta/rice/kudavazhai-rice/
Redirect 301 /ta/rice/Ponni-rice.html http://staging.ulamart.com/ta/rice/Ponni-rice/
Redirect 301 /ta/millets/Kambu.html http://staging.ulamart.com/ta/millets/Kambu/
Redirect 301 /ta/personal-care/kattrazhai-murungai-Vellari-soap.html http://staging.ulamart.com/ta/personal-care/kattrazhai-murungai-Vellari-soap/
Redirect 301 /ta/personal-care/orange-soap.html http://staging.ulamart.com/ta/personal-care/orange-soap/
Redirect 301 /ta/personal-care/nalangu-maavu.html http://staging.ulamart.com/ta/personal-care/nalangu-maavu/
Redirect 301 /ta/personal-care/multani-mitti-soap.html http://staging.ulamart.com/ta/personal-care/multani-mitti-soap/
Redirect 301 /ta/sugar-salt/Kadal-uppu-non-iodised.html http://staging.ulamart.com/ta/sugar-salt/Kadal-uppu-non-iodised/
Redirect 301 /ta/sugar-salt/nattu-sakkarai.html http://staging.ulamart.com/ta/sugar-salt/nattu-sakkarai/
Redirect 301 /ta/spices/karuppu-Milagu.html http://staging.ulamart.com/ta/spices/karuppu-Milagu/
Redirect 301 /ta/rice/navara-arisi.html http://staging.ulamart.com/ta/rice/navara-arisi/
Redirect 301 /ta/herbal-products/-100-.html http://staging.ulamart.com/ta/herbal-products/-100-/
Redirect 301 /ta/black-soap.html http://staging.ulamart.com/ta/black-soap/
Redirect 301 /ta/clay-pot-1.html http://staging.ulamart.com/ta/clay-pot-1/
Redirect 301 /ta/clay-water-jug.html http://staging.ulamart.com/ta/clay-water-jug/
Redirect 301 /ta/small-pot-for-kids.html http://staging.ulamart.com/ta/small-pot-for-kids/
Redirect 301 /ta/clay-plate-and-tumbler.html http://staging.ulamart.com/ta/clay-plate-and-tumbler/
Redirect 301 /ta/clay-thattu-idli.html http://staging.ulamart.com/ta/clay-thattu-idli/
Redirect 301 /ta/clay-sprouts-pot.html http://staging.ulamart.com/ta/clay-sprouts-pot/
Redirect 301 /ta/personal-care/kuppaimeni-soap-ta.html http://staging.ulamart.com/ta/personal-care/kuppaimeni-soap-ta/
Redirect 301 /ta/personal-care/greengram-soap-ta.html http://staging.ulamart.com/ta/personal-care/greengram-soap-ta/
Redirect 301 /ta/personal-care/aloe-vera-neem-soap-ta.html http://staging.ulamart.com/ta/personal-care/aloe-vera-neem-soap-ta/
Redirect 301 /ta/millets/panivaragu.html http://staging.ulamart.com/ta/millets/panivaragu/
Redirect 301 /ta/millets/kuthiraivali.html http://staging.ulamart.com/ta/millets/kuthiraivali/
Redirect 301 /ta/pulses/karuppu-ulundu.html http://staging.ulamart.com/ta/pulses/karuppu-ulundu/
Redirect 301 /ta/rice/rajamudi-rice.html http://staging.ulamart.com/ta/rice/rajamudi-rice/
Redirect 301 /ta/oil/veppamennai.html http://staging.ulamart.com/ta/oil/veppamennai/
Redirect 301 /ta/spices/kudampuli-tamarind.html http://staging.ulamart.com/ta/spices/kudampuli-tamarind/
Redirect 301 /ta/flour/karuppu-kavuni-arisi-maavu.html http://staging.ulamart.com/ta/flour/karuppu-kavuni-arisi-maavu/
Redirect 301 /ta/pulses/pasi-paruppu.html http://staging.ulamart.com/ta/pulses/pasi-paruppu/
Redirect 301 /ta/flour/mapillai-samba-arisi-maavu.html http://staging.ulamart.com/ta/flour/mapillai-samba-arisi-maavu/
Redirect 301 /ta/content/ulamart-.html http://staging.ulamart.com/ta/content/ulamart-/
Redirect 301 /ta/content/-.html http://staging.ulamart.com/ta/content/-/
Redirect 301 /ta/content/privacy-policy.html http://staging.ulamart.com/ta/content/privacy-policy/
Redirect 301 /ta/content/shipping-and-return-policy-ulamartcom.html http://staging.ulamart.com/ta/content/shipping-and-return-policy-ulamartcom/
Redirect 301 /clay-coffee-mug http://staging.ulamart.com/earthen-clay-cookwares/clay-coffee-mug
Redirect 301 /clay-cup-and-saucer http://staging.ulamart.com/earthen-clay-cookwares/clay-cup-and-saucer
Redirect 301 /medium-kitchen-set-for-kids http://staging.ulamart.com/earthen-clay-cookwares/medium-kitchen-set-for-kids
Redirect 301 /small-pot-for-kids http://staging.ulamart.com/earthen-clay-cookwares/small-pot-for-kids
Redirect 301 /clay-sprouter http://staging.ulamart.com/earthen-clay-cookwares/clay-sprouter
Redirect 301 /terracotta-buddha-idol http://staging.ulamart.com/earthen-clay-cookwares/terracotta-buddha-idol
Redirect 301 /shikakai-powder http://staging.ulamart.com/herbal-products/shikakai-powder
Redirect 301 /vetti-veru-root http://staging.ulamart.com/herbal-products/vetti-veru-root
Redirect 301 /clay-pen-stand http://staging.ulamart.com/stationery/clay-pen-stand
Redirect 301 /clay-plate-and-tumbler http://staging.ulamart.com/earthen-clay-cookwares/clay-plate-and-tumbler
Redirect 301 /small-size-clay-pot-with-lid http://staging.ulamart.com/earthen-clay-cookwares/small-size-clay-pot-with-lid
Redirect 301 /60am-kuruvai-organic-unpolished http://staging.ulamart.com/rice/60am-kuruvai-organic-unpolished
Redirect 301 /thooyamalli-rice http://staging.ulamart.com/rice/thooyamalli-rice
Redirect 301 /seeraga-samba-rice http://staging.ulamart.com/rice/seeraga-samba-rice
Redirect 301 /red-rice http://staging.ulamart.com/rice/red-rice
Redirect 301 /black-rice http://staging.ulamart.com/rice/black-rice
Redirect 301 /kudavazhai-red-rice http://staging.ulamart.com/rice/kudavazhai-red-rice
Redirect 301 /organic-ponni-rice http://staging.ulamart.com/rice/organic-ponni-rice
Redirect 301 /navara-rice http://staging.ulamart.com/rice/navara-rice
Redirect 301 /organic-idli-rice http://staging.ulamart.com/rice/organic-idli-rice
Redirect 301 /thanga-samba-rice http://staging.ulamart.com/rice/thanga-samba-rice
Redirect 301 /kattuyanam-organic-unpolished-rice-parboiled http://staging.ulamart.com/rice/kattuyanam-organic-unpolished-rice-parboiled
Redirect 301 /bamboo-rice http://staging.ulamart.com/rice/bamboo-rice
Redirect 301 /kullakar-rice http://staging.ulamart.com/rice/kullakar-rice
Redirect 301 /karun-kuruvai-rice http://staging.ulamart.com/rice/karun-kuruvai-rice
Redirect 301 /kichili-samba-rice http://staging.ulamart.com/rice/kichili-samba-rice
Redirect 301 /clay-small-pot-with-lid http://staging.ulamart.com/earthen-clay-cookwares/clay-small-pot-with-lid
Redirect 301 /clay-classic-coffee-cup http://staging.ulamart.com/earthen-clay-cookwares/clay-classic-coffee-cup
Redirect 301 /aloevera-cucumber-muringo-soap http://staging.ulamart.com/personal-care/aloevera-cucumber-muringo-soap
Redirect 301 /orange-peel-soap http://staging.ulamart.com/personal-care/orange-peel-soap
Redirect 301 /vettiveru-soap http://staging.ulamart.com/personal-care/vettiveru-soap
Redirect 301 /carrot-soap http://staging.ulamart.com/personal-care/carrot-soap
Redirect 301 /green-gram-soap http://staging.ulamart.com/personal-care/green-gram-soap
Redirect 301 /charcoal-soap http://staging.ulamart.com/personal-care/charcoal-soap
Redirect 301 /aloe-vera-neem-soap-herbal http://staging.ulamart.com/personal-care/aloe-vera-neem-soap-herbal
Redirect 301 /kuppaimeni-soap-handmade-herbal http://staging.ulamart.com/personal-care/kuppaimeni-soap-handmade-herbal
Redirect 301 /shikakai-soap http://staging.ulamart.com/personal-care/shikakai-soap
Redirect 301 /nalangu-maavu-soap http://staging.ulamart.com/personal-care/nalangu-maavu-soap
Redirect 301 /multani-mitti-herbal-soap http://staging.ulamart.com/personal-care/multani-mitti-herbal-soap
Redirect 301 /loofah-scrubber http://staging.ulamart.com/personal-care/loofah-scrubber
Redirect 301 /vetiver-face-mask http://staging.ulamart.com/personal-care/vetiver-face-mask
Redirect 301 /moringa-leaf-idly-powder http://staging.ulamart.com/spices/moringa-leaf-idly-powder
Redirect 301 /neemoil http://staging.ulamart.com/herbal-products/neemoil
Redirect 301 /a4-paper http://staging.ulamart.com/stationery/a4-paper
Redirect 301 /newspaper-pencil http://staging.ulamart.com/stationery/newspaper-pencil
Redirect 301 /rainbow-paper-pencil http://staging.ulamart.com/stationery/rainbow-paper-pencil
Redirect 301 /paper-pen http://staging.ulamart.com/stationery/paper-pen
Redirect 301 /ragi-finger-millet http://staging.ulamart.com/millets/ragi-finger-millet
Redirect 301 /little-millet http://staging.ulamart.com/millets/little-millet
Redirect 301 /foxtail-millet http://staging.ulamart.com/millets/foxtail-millet
Redirect 301 /pearl-millet-kambu http://staging.ulamart.com/millets/pearl-millet-kambu
Redirect 301 /porso-millet http://staging.ulamart.com/millets/porso-millet
Redirect 301 /barnyard-millet http://staging.ulamart.com/millets/barnyard-millet
Redirect 301 /urad-dal-black http://staging.ulamart.com/pulses/urad-dal-black
Redirect 301 /green-gram-moong http://staging.ulamart.com/pulses/green-gram-moong
Redirect 301 /split-urad-dal-black http://staging.ulamart.com/pulses/split-urad-dal-black
Redirect 301 /unpolished-toor-dal http://staging.ulamart.com/pulses/unpolished-toor-dal
Redirect 301 /country-sugar http://staging.ulamart.com/sugar-salt/country-sugar
Redirect 301 /black-rice-flour http://staging.ulamart.com/flour/black-rice-flour
Redirect 301 /bridegroom-rice-flour http://staging.ulamart.com/flour/bridegroom-rice-flour
Redirect 301 /organic-poongar-rice-flour http://staging.ulamart.com/flour/organic-poongar-rice-flour
Redirect 301 /urad-dal-white http://staging.ulamart.com/pulses/urad-dal-white
Redirect 301 /raw-natural-seasalt-non-iodised http://staging.ulamart.com/sugar-salt/raw-natural-seasalt-non-iodised
Redirect 301 /health-mix-porridge http://staging.ulamart.com/flour/health-mix-porridge
Redirect 301 /pearl-millet-flour-kambu http://staging.ulamart.com/flour/pearl-millet-flour-kambu
Redirect 301 /finger-millet-flour-ragi-flour http://staging.ulamart.com/flour/finger-millet-flour-ragi-flour
Redirect 301 /homemade-sambar-powder http://staging.ulamart.com/spices/homemade-sambar-powder
Redirect 301 /turmeric-powder http://staging.ulamart.com/spices/turmeric-powder
Redirect 301 /groundnut-oil http://staging.ulamart.com/oil/groundnut-oil
Redirect 301 /sesame-oil http://staging.ulamart.com/oil/sesame-oil
Redirect 301 /virgin-coconut-oil http://staging.ulamart.com/oil/virgin-coconut-oil
Redirect 301 /drumstick-honey http://staging.ulamart.com/honey/drumstick-honey
Redirect 301 /naaval-honey http://staging.ulamart.com/honey/naaval-honey
Redirect 301 /tulsi-honey http://staging.ulamart.com/honey/tulsi-honey
Redirect 301 /hill-honey http://staging.ulamart.com/honey/hill-honey
Redirect 301 /neem-honey http://staging.ulamart.com/honey/neem-honey
Redirect 301 /black-rice-vathal http://staging.ulamart.com/fryums-flakes/black-rice-vathal
Redirect 301 /flakes-mappillai-samba http://staging.ulamart.com/fryums-flakes/flakes-mappillai-samba
Redirect 301 /black-pepper-milagu http://staging.ulamart.com/spices/black-pepper-milagu
Redirect 301 /wiro-bound-recycled-paper-notebook-kit http://staging.ulamart.com/combo-pack/wiro-bound-recycled-paper-notebook-kit
Redirect 301 /kattuyanam-raw-rice-organic-unpolished http://staging.ulamart.com/rice/kattuyanam-raw-rice-organic-unpolished
Redirect 301 /garudan-samba-rice http://staging.ulamart.com/rice/garudan-samba-rice
Redirect 301 /mappillai-samba-raw-rice http://staging.ulamart.com/rice/mappillai-samba-raw-rice
Redirect 301 /cow-ghee http://staging.ulamart.com/oil/cow-ghee
Redirect 301 /multi-purpose-shopping-bag-vegetable-bag http://staging.ulamart.com/stationery/multi-purpose-shopping-bag-vegetable-bag
Redirect 301 /mappillai-samba-organic-unpolished http://staging.ulamart.com/rice/mappillai-samba-organic-unpolished
Redirect 301 /kichili-samba-broken-rice http://staging.ulamart.com/rice/kichili-samba-broken-rice
Redirect 301 /organic-poongar-raw-hand-pounded-rice http://staging.ulamart.com/rice/organic-poongar-raw-hand-pounded-rice
Redirect 301 /organic-poongar-boiled-hand-pounded-rice http://staging.ulamart.com/rice/organic-poongar-boiled-hand-pounded-rice
Redirect 301 /ottadaiyan-rice http://staging.ulamart.com/rice/ottadaiyan-rice
Redirect 301 /medium-size-ladle-coconut-shell http://staging.ulamart.com/wooden-utensils/medium-size-ladle-coconut-shell
Redirect 301 /739 http://staging.ulamart.com/catalog/product/view/id/739
Redirect 301 /cotton-bag http://staging.ulamart.com/stationery/cotton-bag
Redirect 301 /executive-notebook-kit http://staging.ulamart.com/stationery/executive-notebook-kit
Redirect 301 /plantable-notebook-pack-of-5 http://staging.ulamart.com/stationery/plantable-notebook-pack-of-5
Redirect 301 /plantable-paper-pencils-pack-of-10 http://staging.ulamart.com/stationery/plantable-paper-pencils-pack-of-10
Redirect 301 /recycled-paper-drawing-pencils-10-shades http://staging.ulamart.com/stationery/recycled-paper-drawing-pencils-10-shades
Redirect 301 /plantable-paper-pen-with-holder-pack-of-5 http://staging.ulamart.com/stationery/plantable-paper-pen-with-holder-pack-of-5
Redirect 301 /palm-sugar http://staging.ulamart.com/sugar-salt/palm-sugar
Redirect 301 /palm-jaggery http://staging.ulamart.com/sugar-salt/palm-jaggery
Redirect 301 /clay-house http://staging.ulamart.com/earthen-clay-cookwares/clay-house
Redirect 301 /coconut-shell-spoon http://staging.ulamart.com/wooden-utensils/coconut-shell-spoon
Redirect 301 /pearl-millet-flakes http://staging.ulamart.com/fryums-flakes/pearl-millet-flakes
Redirect 301 /popcorn http://staging.ulamart.com/pulses/popcorn
Redirect 301 /cardamom-spices http://staging.ulamart.com/spices/cardamom-spices
Redirect 301 /cumin-seeds http://staging.ulamart.com/spices/cumin-seeds
Redirect 301 /clove-spices http://staging.ulamart.com/spices/clove-spices
Redirect 301 /fennel-seeds http://staging.ulamart.com/spices/fennel-seeds
Redirect 301 /aniseed-spices http://staging.ulamart.com/spices/aniseed-spices
Redirect 301 /black-clay-house http://staging.ulamart.com/earthen-clay-cookwares/black-clay-house
Redirect 301 /black-clay-small-pot-with-lid http://staging.ulamart.com/earthen-clay-cookwares/black-clay-small-pot-with-lid
Redirect 301 /coloured-small-pot-for-kids http://staging.ulamart.com/earthen-clay-cookwares/coloured-small-pot-for-kids
Redirect 301 /mappillai-samba-broken-rice-unpolished http://staging.ulamart.com/rice/mappillai-samba-broken-rice-unpolished
Redirect 301 /multi-flower-farm-honey http://staging.ulamart.com/honey/multi-flower-farm-honey
Redirect 301 /kudampuli-cambodge http://staging.ulamart.com/spices/kudampuli-cambodge
Redirect 301 /thooyamalli-raw-rice http://staging.ulamart.com/rice/thooyamalli-raw-rice
Redirect 301 /medium-kitchen-set-for-kids-white http://staging.ulamart.com/earthen-clay-cookwares/medium-kitchen-set-for-kids-white
Redirect 301 /mappillai-samba-vathal http://staging.ulamart.com/fryums-flakes/mappillai-samba-vathal
Redirect 301 /organic-sivan-samba-rice http://staging.ulamart.com/rice/organic-sivan-samba-rice
Redirect 301 /organic-kallundai-samba-rice http://staging.ulamart.com/rice/organic-kallundai-samba-rice
Redirect 301 /flakes-kattuyanam http://staging.ulamart.com/fryums-flakes/flakes-kattuyanam
Redirect 301 /double-sided-foot-scrubber-dead-skin-callus-remover-pedicure-tool http://staging.ulamart.com/earthen-clay-cookwares/double-sided-foot-scrubber-dead-skin-callus-remover-pedicure-tool
Redirect 301 /wet-clay http://staging.ulamart.com/earthen-clay-cookwares/wet-clay
Redirect 301 /clay-foot-scrubber http://staging.ulamart.com/rice/clay-foot-scrubber
Redirect 301 /flakes-black-rice http://staging.ulamart.com/fryums-flakes/flakes-black-rice
Redirect 301 /white-raw-rice http://staging.ulamart.com/rice/white-raw-rice
Redirect 301 /black-rice-par-boiled http://staging.ulamart.com/rice/black-rice-par-boiled
Redirect 301 /ta/clay-coffee-cup http://staging.ulamart.com/ta/earthen-clay-cookwares/clay-coffee-cup
Redirect 301 /ta/kaliman-cup-and-saucer http://staging.ulamart.com/ta/earthen-clay-cookwares/kaliman-cup-and-saucer
Redirect 301 /ta/choppu-saaman http://staging.ulamart.com/ta/earthen-clay-cookwares/choppu-saaman
Redirect 301 /ta/small-pot-for-kids http://staging.ulamart.com/ta/earthen-clay-cookwares/small-pot-for-kids
Redirect 301 /ta/clay-sprouts-pot http://staging.ulamart.com/ta/earthen-clay-cookwares/clay-sprouts-pot
Redirect 301 /ta/clay-buddha-idol http://staging.ulamart.com/ta/earthen-clay-cookwares/clay-buddha-idol
Redirect 301 /ta/shikakai-hair-wash http://staging.ulamart.com/ta/herbal-products/shikakai-hair-wash
Redirect 301 /ta/vetti-veru http://staging.ulamart.com/ta/herbal-products/vetti-veru
Redirect 301 /ta/earthen-pen-stand http://staging.ulamart.com/ta/stationery/earthen-pen-stand
Redirect 301 /ta/clay-plate-and-tumbler http://staging.ulamart.com/ta/earthen-clay-cookwares/clay-plate-and-tumbler
Redirect 301 /ta/small-size-clay-pot http://staging.ulamart.com/ta/earthen-clay-cookwares/small-size-clay-pot
Redirect 301 /ta/60am-kuruvai http://staging.ulamart.com/ta/rice/60am-kuruvai
Redirect 301 /ta/thuyamalli http://staging.ulamart.com/ta/rice/thuyamalli
Redirect 301 /ta/seeraga-samba-rice http://staging.ulamart.com/ta/rice/seeraga-samba-rice
Redirect 301 /ta/sivappukavuni-arisi http://staging.ulamart.com/ta/rice/sivappukavuni-arisi
Redirect 301 /ta/karuppu-kavuni-arisi http://staging.ulamart.com/ta/rice/karuppu-kavuni-arisi
Redirect 301 /ta/kudavazhai-rice http://staging.ulamart.com/ta/rice/kudavazhai-rice
Redirect 301 /ta/ponni-rice http://staging.ulamart.com/ta/rice/ponni-rice
Redirect 301 /ta/navara-arisi http://staging.ulamart.com/ta/rice/navara-arisi
Redirect 301 /ta/organic-idli-arisi http://staging.ulamart.com/ta/rice/organic-idli-arisi
Redirect 301 /ta/thanga-samba http://staging.ulamart.com/ta/rice/thanga-samba
Redirect 301 /ta/kattuyanam-arisi http://staging.ulamart.com/ta/rice/kattuyanam-arisi
Redirect 301 /ta/ta-bamboo-rice http://staging.ulamart.com/ta/rice/ta-bamboo-rice
Redirect 301 /ta/kullakar-rice http://staging.ulamart.com/ta/rice/kullakar-rice
Redirect 301 /ta/karunguruvai-rice http://staging.ulamart.com/ta/rice/karunguruvai-rice
Redirect 301 /ta/kichili-samba http://staging.ulamart.com/ta/rice/kichili-samba
Redirect 301 /ta/thayirsatti http://staging.ulamart.com/ta/earthen-clay-cookwares/thayirsatti
Redirect 301 /ta/earthen-classic-coffee-cup http://staging.ulamart.com/ta/earthen-clay-cookwares/earthen-classic-coffee-cup
Redirect 301 /ta/kattrazhai-murungai-vellari-soap http://staging.ulamart.com/ta/personal-care/kattrazhai-murungai-vellari-soap
Redirect 301 /ta/orange-soap http://staging.ulamart.com/ta/personal-care/orange-soap
Redirect 301 /ta/vetti-veru-soap http://staging.ulamart.com/ta/personal-care/vetti-veru-soap
Redirect 301 /ta/ta-carrot-soap http://staging.ulamart.com/ta/personal-care/ta-carrot-soap
Redirect 301 /ta/greengram-soap-ta http://staging.ulamart.com/ta/personal-care/greengram-soap-ta
Redirect 301 /ta/black-soap http://staging.ulamart.com/ta/personal-care/black-soap
Redirect 301 /ta/aloe-vera-neem-soap-ta http://staging.ulamart.com/ta/personal-care/aloe-vera-neem-soap-ta
Redirect 301 /ta/kuppaimeni-soap-ta http://staging.ulamart.com/ta/personal-care/kuppaimeni-soap-ta
Redirect 301 /ta/shikakai-herb-soap http://staging.ulamart.com/ta/personal-care/shikakai-herb-soap
Redirect 301 /ta/nalangu-maavu http://staging.ulamart.com/ta/personal-care/nalangu-maavu
Redirect 301 /ta/multani-mitti-soap http://staging.ulamart.com/ta/personal-care/multani-mitti-soap
Redirect 301 /ta/peerkangai-scrubber http://staging.ulamart.com/ta/personal-care/peerkangai-scrubber
Redirect 301 /ta/vetiver-muga-kavasam http://staging.ulamart.com/ta/personal-care/vetiver-muga-kavasam
Redirect 301 /ta/veetu-murungai-podi http://staging.ulamart.com/ta/spices/veetu-murungai-podi
Redirect 301 /ta/veppamennai http://staging.ulamart.com/ta/herbal-products/veppamennai
Redirect 301 /ta/a4-sheets http://staging.ulamart.com/ta/stationery/a4-sheets
Redirect 301 /ta/newspaperu-pencil http://staging.ulamart.com/ta/stationery/newspaperu-pencil
Redirect 301 /ta/paper-pencil http://staging.ulamart.com/ta/stationery/paper-pencil
Redirect 301 /ta/paperu-pen http://staging.ulamart.com/ta/stationery/paperu-pen
Redirect 301 /ta/organic-kelvaragu http://staging.ulamart.com/ta/millets/organic-kelvaragu
Redirect 301 /ta/samai http://staging.ulamart.com/ta/millets/samai
Redirect 301 /ta/organic-thinai http://staging.ulamart.com/ta/millets/organic-thinai
Redirect 301 /ta/kambu http://staging.ulamart.com/ta/millets/kambu
Redirect 301 /ta/panivaragu http://staging.ulamart.com/ta/millets/panivaragu
Redirect 301 /ta/kuthiraivali http://staging.ulamart.com/ta/millets/kuthiraivali
Redirect 301 /ta/karuppu-ulundu http://staging.ulamart.com/ta/pulses/karuppu-ulundu
Redirect 301 /ta/pasi-paruppu http://staging.ulamart.com/ta/pulses/pasi-paruppu
Redirect 301 /ta/odacha-karuppu-ulundu http://staging.ulamart.com/ta/pulses/odacha-karuppu-ulundu
Redirect 301 /ta/thuvaramparuppu http://staging.ulamart.com/ta/pulses/thuvaramparuppu
Redirect 301 /ta/nattu-sakkarai http://staging.ulamart.com/ta/sugar-salt/nattu-sakkarai
Redirect 301 /ta/karuppu-kavuni-arisi-maavu http://staging.ulamart.com/ta/flour/karuppu-kavuni-arisi-maavu
Redirect 301 /ta/mapillai-samba-arisi-maavu http://staging.ulamart.com/ta/flour/mapillai-samba-arisi-maavu
Redirect 301 /ta/poongar-arisi-flour http://staging.ulamart.com/ta/flour/poongar-arisi-flour
Redirect 301 /ta/vellai-ulundu http://staging.ulamart.com/ta/pulses/vellai-ulundu
Redirect 301 /ta/kadal-uppu-non-iodised http://staging.ulamart.com/ta/sugar-salt/kadal-uppu-non-iodised
Redirect 301 /ta/sathu-maavu-kanji http://staging.ulamart.com/ta/flour/sathu-maavu-kanji
Redirect 301 /ta/kambu-mavu http://staging.ulamart.com/ta/flour/kambu-mavu
Redirect 301 /ta/kelvaragu-mavu http://staging.ulamart.com/ta/flour/kelvaragu-mavu
Redirect 301 /ta/veetu-sambar-podi http://staging.ulamart.com/ta/spices/veetu-sambar-podi
Redirect 301 /ta/manjal-thool http://staging.ulamart.com/ta/spices/manjal-thool
Redirect 301 /ta/kadalaaiennai http://staging.ulamart.com/ta/oil/kadalaaiennai
Redirect 301 /ta/nallennai-oil- http://staging.ulamart.com/ta/oil/nallennai-oil-
Redirect 301 /ta/thuyathenkai-oil http://staging.ulamart.com/ta/oil/thuyathenkai-oil
Redirect 301 /ta/murugaithen http://staging.ulamart.com/ta/honey/murugaithen
Redirect 301 /ta/naaval-honey http://staging.ulamart.com/ta/honey/naaval-honey
Redirect 301 /ta/tulsi-honey http://staging.ulamart.com/ta/honey/tulsi-honey
Redirect 301 /ta/maalaithen http://staging.ulamart.com/ta/honey/maalaithen
Redirect 301 /ta/vembuthen http://staging.ulamart.com/ta/honey/vembuthen
Redirect 301 /ta/karuppu-kavuni-kanchi-vathal http://staging.ulamart.com/ta/fryums-flakes/karuppu-kavuni-kanchi-vathal
Redirect 301 /ta/avul-mappillai-samba http://staging.ulamart.com/ta/fryums-flakes/avul-mappillai-samba
Redirect 301 /ta/karuppu-milagu http://staging.ulamart.com/ta/spices/karuppu-milagu
Redirect 301 /ta/copy-of-combo-pack-earthen-pen-stand-paper-pen http://staging.ulamart.com/ta/combo-pack/copy-of-combo-pack-earthen-pen-stand-paper-pen
Redirect 301 /ta/kattuyanam-pachai-arisi http://staging.ulamart.com/ta/rice/kattuyanam-pachai-arisi
Redirect 301 /ta/garudan-samba http://staging.ulamart.com/ta/rice/garudan-samba
Redirect 301 /ta/mappillai-samba-pachai-arisi http://staging.ulamart.com/ta/rice/mappillai-samba-pachai-arisi
Redirect 301 /ta/country-cow-ghee http://staging.ulamart.com/ta/oil/country-cow-ghee
Redirect 301 /ta/multi-purpose-shopping-bag-vegetable-bag http://staging.ulamart.com/ta/stationery/multi-purpose-shopping-bag-vegetable-bag
Redirect 301 /ta/mappillai-samba-red-rice http://staging.ulamart.com/ta/rice/mappillai-samba-red-rice
Redirect 301 /ta/kichili-samba-idisal-arisi http://staging.ulamart.com/ta/rice/kichili-samba-idisal-arisi
Redirect 301 /ta/organic-poongar-raw-hand-pounded-rice http://staging.ulamart.com/ta/rice/organic-poongar-raw-hand-pounded-rice
Redirect 301 /ta/poongar-kai-kutthal-arici http://staging.ulamart.com/ta/rice/poongar-kai-kutthal-arici
Redirect 301 /ta/ottadayan-arisi http://staging.ulamart.com/ta/rice/ottadayan-arisi
Redirect 301 /ta/karandi-coconut-shell http://staging.ulamart.com/ta/wooden-utensils/karandi-coconut-shell
Redirect 301 /ta/serving-spoon-coconut-shell http://staging.ulamart.com/ta/catalog/product/view/id/serving-spoon-coconut-shell
Redirect 301 /ta/thuni-pai http://staging.ulamart.com/ta/stationery/thuni-pai
Redirect 301 /ta/executive-notebook-kit-ulamartcom http://staging.ulamart.com/ta/stationery/executive-notebook-kit-ulamartcom
Redirect 301 /ta/plantable-notebook-pack-of-5-ulamartcom http://staging.ulamart.com/ta/stationery/plantable-notebook-pack-of-5-ulamartcom
Redirect 301 /ta/plantable-paper-pencils-pack-of-10-ulamartcom http://staging.ulamart.com/ta/stationery/plantable-paper-pencils-pack-of-10-ulamartcom
Redirect 301 /ta/recycled-paper-drawing-pencils-10-shades-ulamartcom http://staging.ulamart.com/ta/stationery/recycled-paper-drawing-pencils-10-shades-ulamartcom
Redirect 301 /ta/copy-of-pack-of-5 http://staging.ulamart.com/ta/stationery/copy-of-pack-of-5
Redirect 301 /ta/panakarkandu http://staging.ulamart.com/ta/sugar-salt/panakarkandu
Redirect 301 /ta/pana-karupatti http://staging.ulamart.com/ta/sugar-salt/pana-karupatti
Redirect 301 /ta/clay-veedu http://staging.ulamart.com/ta/earthen-clay-cookwares/clay-veedu
Redirect 301 /ta/spoon-coconut-shell http://staging.ulamart.com/ta/wooden-utensils/spoon-coconut-shell
Redirect 301 /ta/kambu-aval http://staging.ulamart.com/ta/fryums-flakes/kambu-aval
Redirect 301 /ta/country-popcorn http://staging.ulamart.com/ta/pulses/country-popcorn
Redirect 301 /ta/yelakai http://staging.ulamart.com/ta/spices/yelakai
Redirect 301 /ta/seeragam http://staging.ulamart.com/ta/spices/seeragam
Redirect 301 /ta/kirambu http://staging.ulamart.com/ta/spices/kirambu
Redirect 301 /ta/soombu http://staging.ulamart.com/ta/spices/soombu
Redirect 301 /ta/annachipoo http://staging.ulamart.com/ta/spices/annachipoo
Redirect 301 /ta/black-clay-veedu http://staging.ulamart.com/ta/earthen-clay-cookwares/black-clay-veedu
Redirect 301 /ta/karupu-thayirsatti http://staging.ulamart.com/ta/earthen-clay-cookwares/karupu-thayirsatti
Redirect 301 /ta/colour-small-pot-for-kids http://staging.ulamart.com/ta/earthen-clay-cookwares/colour-small-pot-for-kids
Redirect 301 /ta/mappillai-samba-broken-rice http://staging.ulamart.com/ta/rice/mappillai-samba-broken-rice
Redirect 301 /ta/farm-honey http://staging.ulamart.com/ta/honey/farm-honey
Redirect 301 /ta/kudampuli-tamarind http://staging.ulamart.com/ta/spices/kudampuli-tamarind
Redirect 301 /ta/thuyamalli-pachai-arisi http://staging.ulamart.com/ta/rice/thuyamalli-pachai-arisi
Redirect 301 /ta/choppu-saaman-kolam http://staging.ulamart.com/ta/earthen-clay-cookwares/choppu-saaman-kolam
Redirect 301 /ta/mappillai-samba-kanchi-vathal http://staging.ulamart.com/ta/fryums-flakes/mappillai-samba-kanchi-vathal
Redirect 301 /ta/sivan-samba-arisi http://staging.ulamart.com/ta/rice/sivan-samba-arisi
Redirect 301 /ta/kallundai-samba-arisi http://staging.ulamart.com/ta/rice/kallundai-samba-arisi
Redirect 301 /ta/avul-kattuyanam http://staging.ulamart.com/ta/fryums-flakes/avul-kattuyanam
Redirect 301 /ta/double-sided-foot-scrubber-dead-skin-callus-remover-pedicure-tool http://staging.ulamart.com/ta/earthen-clay-cookwares/double-sided-foot-scrubber-dead-skin-callus-remover-pedicure-tool
Redirect 301 /ta/wet-clay http://staging.ulamart.com/ta/earthen-clay-cookwares/wet-clay
Redirect 301 /ta/valan-samba-rice http://staging.ulamart.com/ta/rice/valan-samba-rice
Redirect 301 /ta/aval-karuppu-kavuni http://staging.ulamart.com/ta/fryums-flakes/aval-karuppu-kavuni
Redirect 301 /ta/white-raw-rice http://staging.ulamart.com/ta/rice/white-raw-rice
Redirect 301 /ta/karuppu-kavuni-puzhungal-arisi.html http://staging.ulamart.com/ta/rice/karuppu-kavuni-puzhungal-arisi.html
Redirect 301 /ta/dummy http://staging.ulamart.com/ta/rice/dummy
Redirect 301 /ta/all-products/clay-coffee-cup http://staging.ulamart.com/ta/earthen-clay-cookwares/clay-coffee-cup
Redirect 301 /ta/all-products/kaliman-cup-and-saucer http://staging.ulamart.com/ta/earthen-clay-cookwares/kaliman-cup-and-saucer
Redirect 301 /ta/all-products/choppu-saaman http://staging.ulamart.com/ta/earthen-clay-cookwares/choppu-saaman
Redirect 301 /ta/all-products/small-pot-for-kids http://staging.ulamart.com/ta/earthen-clay-cookwares/small-pot-for-kids
Redirect 301 /ta/all-products/clay-sprouts-pot http://staging.ulamart.com/ta/earthen-clay-cookwares/clay-sprouts-pot
Redirect 301 /ta/all-products/clay-buddha-idol http://staging.ulamart.com/ta/earthen-clay-cookwares/clay-buddha-idol
Redirect 301 /ta/all-products/shikakai-hair-wash http://staging.ulamart.com/ta/herbal-products/shikakai-hair-wash
Redirect 301 /ta/all-products/vetti-veru http://staging.ulamart.com/ta/herbal-products/vetti-veru
Redirect 301 /ta/all-products/earthen-pen-stand http://staging.ulamart.com/ta/stationery/earthen-pen-stand
Redirect 301 /ta/all-products/clay-plate-and-tumbler http://staging.ulamart.com/ta/earthen-clay-cookwares/clay-plate-and-tumbler
Redirect 301 /ta/all-products/small-size-clay-pot http://staging.ulamart.com/ta/earthen-clay-cookwares/small-size-clay-pot
Redirect 301 /ta/all-products/60am-kuruvai http://staging.ulamart.com/ta/rice/60am-kuruvai
Redirect 301 /ta/all-products/thuyamalli http://staging.ulamart.com/ta/rice/thuyamalli
Redirect 301 /ta/all-products/seeraga-samba-rice http://staging.ulamart.com/ta/rice/seeraga-samba-rice
Redirect 301 /ta/all-products/sivappukavuni-arisi http://staging.ulamart.com/ta/rice/sivappukavuni-arisi
Redirect 301 /ta/all-products/karuppu-kavuni-arisi http://staging.ulamart.com/ta/rice/karuppu-kavuni-arisi
Redirect 301 /ta/all-products/kudavazhai-rice http://staging.ulamart.com/ta/rice/kudavazhai-rice
Redirect 301 /ta/all-products/ponni-rice http://staging.ulamart.com/ta/rice/ponni-rice
Redirect 301 /ta/all-products/navara-arisi http://staging.ulamart.com/ta/rice/navara-arisi
Redirect 301 /ta/all-products/organic-idli-arisi http://staging.ulamart.com/ta/rice/organic-idli-arisi
Redirect 301 /ta/all-products/thanga-samba http://staging.ulamart.com/ta/rice/thanga-samba
Redirect 301 /ta/all-products/kattuyanam-arisi http://staging.ulamart.com/ta/rice/kattuyanam-arisi
Redirect 301 /ta/all-products/ta-bamboo-rice http://staging.ulamart.com/ta/rice/ta-bamboo-rice
Redirect 301 /ta/all-products/kullakar-rice http://staging.ulamart.com/ta/rice/kullakar-rice
Redirect 301 /ta/all-products/karunguruvai-rice http://staging.ulamart.com/ta/rice/karunguruvai-rice
Redirect 301 /ta/all-products/kichili-samba http://staging.ulamart.com/ta/rice/kichili-samba
Redirect 301 /ta/all-products/thayirsatti http://staging.ulamart.com/ta/earthen-clay-cookwares/thayirsatti
Redirect 301 /ta/all-products/earthen-classic-coffee-cup http://staging.ulamart.com/ta/earthen-clay-cookwares/earthen-classic-coffee-cup
Redirect 301 /ta/all-products/kattrazhai-murungai-vellari-soap http://staging.ulamart.com/ta/personal-care/kattrazhai-murungai-vellari-soap
Redirect 301 /ta/all-products/orange-soap http://staging.ulamart.com/ta/personal-care/orange-soap
Redirect 301 /ta/all-products/vetti-veru-soap http://staging.ulamart.com/ta/personal-care/vetti-veru-soap
Redirect 301 /ta/all-products/ta-carrot-soap http://staging.ulamart.com/ta/personal-care/ta-carrot-soap
Redirect 301 /ta/all-products/greengram-soap-ta http://staging.ulamart.com/ta/personal-care/greengram-soap-ta
Redirect 301 /ta/all-products/black-soap http://staging.ulamart.com/ta/personal-care/black-soap
Redirect 301 /ta/all-products/aloe-vera-neem-soap-ta http://staging.ulamart.com/ta/personal-care/aloe-vera-neem-soap-ta
Redirect 301 /ta/all-products/kuppaimeni-soap-ta http://staging.ulamart.com/ta/personal-care/kuppaimeni-soap-ta
Redirect 301 /ta/all-products/shikakai-herb-soap http://staging.ulamart.com/ta/personal-care/shikakai-herb-soap
Redirect 301 /ta/all-products/nalangu-maavu http://staging.ulamart.com/ta/personal-care/nalangu-maavu
Redirect 301 /ta/all-products/multani-mitti-soap http://staging.ulamart.com/ta/personal-care/multani-mitti-soap
Redirect 301 /ta/all-products/peerkangai-scrubber http://staging.ulamart.com/ta/personal-care/peerkangai-scrubber
Redirect 301 /ta/all-products/vetiver-muga-kavasam http://staging.ulamart.com/ta/personal-care/vetiver-muga-kavasam
Redirect 301 /ta/all-products/veetu-murungai-podi http://staging.ulamart.com/ta/spices/veetu-murungai-podi
Redirect 301 /ta/all-products/veppamennai http://staging.ulamart.com/ta/herbal-products/veppamennai
Redirect 301 /ta/all-products/a4-sheets http://staging.ulamart.com/ta/stationery/a4-sheets
Redirect 301 /ta/all-products/newspaperu-pencil http://staging.ulamart.com/ta/stationery/newspaperu-pencil
Redirect 301 /ta/all-products/paper-pencil http://staging.ulamart.com/ta/stationery/paper-pencil
Redirect 301 /ta/all-products/paperu-pen http://staging.ulamart.com/ta/stationery/paperu-pen
Redirect 301 /ta/all-products/organic-kelvaragu http://staging.ulamart.com/ta/millets/organic-kelvaragu
Redirect 301 /ta/all-products/samai http://staging.ulamart.com/ta/millets/samai
Redirect 301 /ta/all-products/organic-thinai http://staging.ulamart.com/ta/millets/organic-thinai
Redirect 301 /ta/all-products/kambu http://staging.ulamart.com/ta/millets/kambu
Redirect 301 /ta/all-products/panivaragu http://staging.ulamart.com/ta/millets/panivaragu
Redirect 301 /ta/all-products/kuthiraivali http://staging.ulamart.com/ta/millets/kuthiraivali
Redirect 301 /ta/all-products/karuppu-ulundu http://staging.ulamart.com/ta/pulses/karuppu-ulundu
Redirect 301 /ta/all-products/pasi-paruppu http://staging.ulamart.com/ta/pulses/pasi-paruppu
Redirect 301 /ta/all-products/odacha-karuppu-ulundu http://staging.ulamart.com/ta/pulses/odacha-karuppu-ulundu
Redirect 301 /ta/all-products/thuvaramparuppu http://staging.ulamart.com/ta/pulses/thuvaramparuppu
Redirect 301 /ta/all-products/nattu-sakkarai http://staging.ulamart.com/ta/sugar-salt/nattu-sakkarai
Redirect 301 /ta/all-products/karuppu-kavuni-arisi-maavu http://staging.ulamart.com/ta/flour/karuppu-kavuni-arisi-maavu
Redirect 301 /ta/all-products/mapillai-samba-arisi-maavu http://staging.ulamart.com/ta/flour/mapillai-samba-arisi-maavu
Redirect 301 /ta/all-products/poongar-arisi-flour http://staging.ulamart.com/ta/flour/poongar-arisi-flour
Redirect 301 /ta/all-products/vellai-ulundu http://staging.ulamart.com/ta/pulses/vellai-ulundu
Redirect 301 /ta/all-products/kadal-uppu-non-iodised http://staging.ulamart.com/ta/sugar-salt/kadal-uppu-non-iodised
Redirect 301 /ta/all-products/sathu-maavu-kanji http://staging.ulamart.com/ta/flour/sathu-maavu-kanji
Redirect 301 /ta/all-products/kambu-mavu http://staging.ulamart.com/ta/flour/kambu-mavu
Redirect 301 /ta/all-products/kelvaragu-mavu http://staging.ulamart.com/ta/flour/kelvaragu-mavu
Redirect 301 /ta/all-products/veetu-sambar-podi http://staging.ulamart.com/ta/spices/veetu-sambar-podi
Redirect 301 /ta/all-products/manjal-thool http://staging.ulamart.com/ta/spices/manjal-thool
Redirect 301 /ta/all-products/kadalaaiennai http://staging.ulamart.com/ta/oil/kadalaaiennai
Redirect 301 /ta/all-products/nallennai-oil- http://staging.ulamart.com/ta/oil/nallennai-oil-
Redirect 301 /ta/all-products/thuyathenkai-oil http://staging.ulamart.com/ta/oil/thuyathenkai-oil
Redirect 301 /ta/all-products/murugaithen http://staging.ulamart.com/ta/honey/murugaithen
Redirect 301 /ta/all-products/naaval-honey http://staging.ulamart.com/ta/honey/naaval-honey
Redirect 301 /ta/all-products/tulsi-honey http://staging.ulamart.com/ta/honey/tulsi-honey
Redirect 301 /ta/all-products/maalaithen http://staging.ulamart.com/ta/honey/maalaithen
Redirect 301 /ta/all-products/vembuthen http://staging.ulamart.com/ta/honey/vembuthen
Redirect 301 /ta/all-products/karuppu-kavuni-kanchi-vathal http://staging.ulamart.com/ta/fryums-flakes/karuppu-kavuni-kanchi-vathal
Redirect 301 /ta/all-products/avul-mappillai-samba http://staging.ulamart.com/ta/fryums-flakes/avul-mappillai-samba
Redirect 301 /ta/all-products/karuppu-milagu http://staging.ulamart.com/ta/spices/karuppu-milagu
Redirect 301 /ta/all-products/copy-of-combo-pack-earthen-pen-stand-paper-pen http://staging.ulamart.com/ta/combo-pack/copy-of-combo-pack-earthen-pen-stand-paper-pen
Redirect 301 /ta/all-products/kattuyanam-pachai-arisi http://staging.ulamart.com/ta/rice/kattuyanam-pachai-arisi
Redirect 301 /ta/all-products/garudan-samba http://staging.ulamart.com/ta/rice/garudan-samba
Redirect 301 /ta/all-products/mappillai-samba-pachai-arisi http://staging.ulamart.com/ta/rice/mappillai-samba-pachai-arisi
Redirect 301 /ta/all-products/country-cow-ghee http://staging.ulamart.com/ta/oil/country-cow-ghee
Redirect 301 /ta/all-products/multi-purpose-shopping-bag-vegetable-bag http://staging.ulamart.com/ta/stationery/multi-purpose-shopping-bag-vegetable-bag
Redirect 301 /ta/all-products/mappillai-samba-red-rice http://staging.ulamart.com/ta/rice/mappillai-samba-red-rice
Redirect 301 /ta/all-products/kichili-samba-idisal-arisi http://staging.ulamart.com/ta/rice/kichili-samba-idisal-arisi
Redirect 301 /ta/all-products/organic-poongar-raw-hand-pounded-rice http://staging.ulamart.com/ta/rice/organic-poongar-raw-hand-pounded-rice
Redirect 301 /ta/all-products/poongar-kai-kutthal-arici http://staging.ulamart.com/ta/rice/poongar-kai-kutthal-arici
Redirect 301 /ta/all-products/ottadayan-arisi http://staging.ulamart.com/ta/rice/ottadayan-arisi
Redirect 301 /ta/all-products/karandi-coconut-shell http://staging.ulamart.com/ta/wooden-utensils/karandi-coconut-shell
Redirect 301 /ta/wooden-utensils/serving-spoon-coconut-shell http://staging.ulamart.com/ta/catalog/product/view/id/serving-spoon-coconut-shell
Redirect 301 /ta/all-products/thuni-pai http://staging.ulamart.com/ta/stationery/thuni-pai
Redirect 301 /ta/all-products/executive-notebook-kit-ulamartcom http://staging.ulamart.com/ta/stationery/executive-notebook-kit-ulamartcom
Redirect 301 /ta/all-products/plantable-notebook-pack-of-5-ulamartcom http://staging.ulamart.com/ta/stationery/plantable-notebook-pack-of-5-ulamartcom
Redirect 301 /ta/all-products/plantable-paper-pencils-pack-of-10-ulamartcom http://staging.ulamart.com/ta/stationery/plantable-paper-pencils-pack-of-10-ulamartcom
Redirect 301 /ta/all-products/recycled-paper-drawing-pencils-10-shades-ulamartcom http://staging.ulamart.com/ta/stationery/recycled-paper-drawing-pencils-10-shades-ulamartcom
Redirect 301 /ta/all-products/copy-of-pack-of-5 http://staging.ulamart.com/ta/stationery/copy-of-pack-of-5
Redirect 301 /ta/all-products/panakarkandu http://staging.ulamart.com/ta/sugar-salt/panakarkandu
Redirect 301 /ta/all-products/pana-karupatti http://staging.ulamart.com/ta/sugar-salt/pana-karupatti
Redirect 301 /ta/all-products/clay-veedu http://staging.ulamart.com/ta/earthen-clay-cookwares/clay-veedu
Redirect 301 /ta/all-products/spoon-coconut-shell http://staging.ulamart.com/ta/wooden-utensils/spoon-coconut-shell
Redirect 301 /ta/all-products/kambu-aval http://staging.ulamart.com/ta/fryums-flakes/kambu-aval
Redirect 301 /ta/all-products/country-popcorn http://staging.ulamart.com/ta/pulses/country-popcorn
Redirect 301 /ta/all-products/yelakai http://staging.ulamart.com/ta/spices/yelakai
Redirect 301 /ta/all-products/seeragam http://staging.ulamart.com/ta/spices/seeragam
Redirect 301 /ta/all-products/kirambu http://staging.ulamart.com/ta/spices/kirambu
Redirect 301 /ta/all-products/soombu http://staging.ulamart.com/ta/spices/soombu
Redirect 301 /ta/all-products/annachipoo http://staging.ulamart.com/ta/spices/annachipoo
Redirect 301 /ta/all-products/black-clay-veedu http://staging.ulamart.com/ta/earthen-clay-cookwares/black-clay-veedu
Redirect 301 /ta/all-products/karupu-thayirsatti http://staging.ulamart.com/ta/earthen-clay-cookwares/karupu-thayirsatti
Redirect 301 /ta/all-products/colour-small-pot-for-kids http://staging.ulamart.com/ta/earthen-clay-cookwares/colour-small-pot-for-kids
Redirect 301 /ta/all-products/mappillai-samba-broken-rice http://staging.ulamart.com/ta/rice/mappillai-samba-broken-rice
Redirect 301 /ta/all-products/farm-honey http://staging.ulamart.com/ta/honey/farm-honey
Redirect 301 /ta/all-products/kudampuli-tamarind http://staging.ulamart.com/ta/spices/kudampuli-tamarind
Redirect 301 /ta/all-products/thuyamalli-pachai-arisi http://staging.ulamart.com/ta/rice/thuyamalli-pachai-arisi
Redirect 301 /ta/all-products/choppu-saaman-kolam http://staging.ulamart.com/ta/earthen-clay-cookwares/choppu-saaman-kolam
Redirect 301 /ta/all-products/mappillai-samba-kanchi-vathal http://staging.ulamart.com/ta/fryums-flakes/mappillai-samba-kanchi-vathal
Redirect 301 /ta/all-products/sivan-samba-arisi http://staging.ulamart.com/ta/rice/sivan-samba-arisi
Redirect 301 /ta/all-products/kallundai-samba-arisi http://staging.ulamart.com/ta/rice/kallundai-samba-arisi
Redirect 301 /ta/all-products/avul-kattuyanam http://staging.ulamart.com/ta/fryums-flakes/avul-kattuyanam
Redirect 301 /ta/all-products/double-sided-foot-scrubber-dead-skin-callus-remover-pedicure-tool http://staging.ulamart.com/ta/earthen-clay-cookwares/double-sided-foot-scrubber-dead-skin-callus-remover-pedicure-tool
Redirect 301 /ta/all-products/wet-clay http://staging.ulamart.com/ta/earthen-clay-cookwares/wet-clay
Redirect 301 /ta/all-products/valan-samba-rice http://staging.ulamart.com/ta/rice/valan-samba-rice
Redirect 301 /ta/all-products/aval-karuppu-kavuni http://staging.ulamart.com/ta/fryums-flakes/aval-karuppu-kavuni
Redirect 301 /ta/all-products/white-raw-rice http://staging.ulamart.com/ta/rice/white-raw-rice
Redirect 301 /ta/all-products/karuppu-kavuni-puzhungal-arisi.html http://staging.ulamart.com/ta/rice/karuppu-kavuni-puzhungal-arisi.html
Redirect 301 /ta/all-products/dummy http://staging.ulamart.com/ta/rice/dummy
Redirect 301 /order/  http://staging.ulamart.com/checkout/cart
Redirect 301 /ta/order/  http://staging.ulamart.com/ta/checkout/cart
Redirect 301 /order  http://staging.ulamart.com/checkout/cart
Redirect 301 /ta/order  http://staging.ulamart.com/ta/checkout/cart